"x","y"
599.759291,0.510539
601.687778,0.510554
603.616264,0.511025
605.54475,0.511722
607.473237,0.512517
609.401723,0.512916
611.33021,0.512375
613.258696,0.511248
615.187183,0.510581
617.115669,0.510176
619.044156,0.508811
620.972642,0.506549
622.901129,0.503411
624.829615,0.500043
626.758102,0.496957
628.686588,0.493944
630.615075,0.491447
632.543561,0.489667
634.472047,0.487726
636.400534,0.485236
638.32902,0.482931
640.257507,0.480294
642.185993,0.477236
644.11448,0.474287
646.042966,0.47135
647.971453,0.468611
649.899939,0.466211
651.828426,0.464414
653.756912,0.463555
655.685399,0.463682
657.613885,0.464262
659.542372,0.465646
661.470858,0.467619
663.399344,0.468868
665.327831,0.469669
667.256317,0.470179
669.184804,0.468743
671.11329,0.466238
673.041777,0.463367
674.970263,0.459366
676.89875,0.454792
678.827236,0.450008
680.755723,0.444993
682.684209,0.440866
684.612696,0.437639
686.541182,0.43459
688.469669,0.432036
690.398155,0.429591
692.326641,0.427245
694.255128,0.425193
696.183614,0.423073
698.112101,0.420776
700.040587,0.418502
701.969074,0.415947
703.89756,0.413082
705.826047,0.410305
707.754533,0.407342
709.68302,0.404231
711.611506,0.401076
713.539993,0.39831
715.468479,0.396503
717.396966,0.395609
719.325452,0.394281
721.253938,0.391111
723.182425,0.387381
725.110911,0.383957
727.039398,0.380961
728.967884,0.378247
730.896371,0.374825
732.824857,0.371027
734.753344,0.36739
736.68183,0.364223
738.610317,0.361561
740.538803,0.359147
742.46729,0.357015
744.395776,0.355396
746.324262,0.354208
748.252749,0.353176
750.181235,0.352634
752.109722,0.352181
754.038208,0.351645
755.966695,0.351186
757.895181,0.350176
759.823668,0.348706
761.752154,0.347195
763.680641,0.345441
765.609127,0.343571
767.537614,0.341996
769.4661,0.340437
771.394587,0.339186
773.323073,0.338463
775.251559,0.337992
777.180046,0.338133
779.108532,0.33839
781.037019,0.33816
782.965505,0.337655
784.893992,0.336887
786.822478,0.335545
788.750965,0.333985
790.679451,0.332496
792.607938,0.330691
794.536424,0.329174
796.464911,0.327989
798.393397,0.326576
800.321884,0.325122
802.25037,0.323438
804.178856,0.321477
806.107343,0.319821
808.035829,0.31877
809.964316,0.318228
811.892802,0.318443
813.821289,0.318929
815.749775,0.318825
817.678262,0.318084
819.606748,0.31627
821.535235,0.313238
823.463721,0.309704
825.392208,0.306206
827.320694,0.303528
829.249181,0.302765
831.177667,0.303953
833.106153,0.306521
835.03464,0.309763
836.963126,0.312197
838.891613,0.31291
840.820099,0.311692
842.748586,0.308318
844.677072,0.30311
846.605559,0.296874
848.534045,0.290096
850.462532,0.283277
852.391018,0.277126
854.319505,0.27191
856.247991,0.26797
858.176478,0.265505
860.104964,0.264267
862.03345,0.264131
863.961937,0.265024
865.890423,0.266743
867.81891,0.268958
869.747396,0.271497
871.675883,0.27419
873.604369,0.277035
875.532856,0.279945
877.461342,0.282902
879.389829,0.286123
881.318315,0.289535
883.246802,0.293427
885.175288,0.29803
887.103775,0.303192
889.032261,0.308668
890.960747,0.31404
892.889234,0.31882
894.81772,0.322617
896.746207,0.324875
898.674693,0.324951
900.60318,0.323152
902.531666,0.320017
904.460153,0.31618
906.388639,0.312849
908.317126,0.3106
910.245612,0.309494
912.174099,0.309644
914.102585,0.310675
916.031072,0.312069
917.959558,0.313986
919.888044,0.316236
921.816531,0.318401
923.745017,0.320779
925.673504,0.32346
927.60199,0.326457
929.530477,0.330193
931.458963,0.334792
933.38745,0.340026
935.315936,0.34609
937.244423,0.352715
939.172909,0.359345
941.101396,0.366063
943.029882,0.372352
944.958369,0.377759
946.886855,0.382326
948.815341,0.385888
950.743828,0.388559
952.672314,0.390875
954.600801,0.393339
956.529287,0.396652
958.457774,0.401851
960.38626,0.409124
962.314747,0.418475
964.243233,0.429953
966.17172,0.442916
968.100206,0.456993
970.028693,0.47206
971.957179,0.487964
973.885666,0.504775
975.814152,0.523018
977.742638,0.54311
979.671125,0.565329
981.599611,0.590015
983.528098,0.616464
985.456584,0.643264
987.385071,0.66902
989.313557,0.692171
991.242044,0.711696
993.17053,0.728031
995.099017,0.742293
997.027503,0.756466
998.95599,0.772928
1000.884476,0.79264
1002.812963,0.814824
1004.741449,0.838447
1006.669935,0.862761
1008.598422,0.886933
1010.526908,0.910623
1012.455395,0.933313
1014.383881,0.955308
1016.312368,0.976625
1018.240854,0.996358
1020.169341,1.014172
1022.097827,1.029556
1024.026314,1.043684
1025.9548,1.057154
1027.883287,1.069967
1029.811773,1.082185
1031.74026,1.093286
1033.668746,1.102845
1035.597232,1.109232
1037.525719,1.111441
1039.454205,1.109795
1041.382692,1.106856
1043.311178,1.105087
1045.239665,1.105698
1047.168151,1.108999
1049.096638,1.114165
1051.025124,1.120824
1052.953611,1.127795
1054.882097,1.134191
1056.810584,1.138875
1058.73907,1.14212
1060.667557,1.144703
1062.596043,1.145184
1064.524529,1.14314
1066.453016,1.138971
1068.381502,1.133499
1070.309989,1.12681
1072.238475,1.118975
1074.166962,1.109952
1076.095448,1.099361
1078.023935,1.087641
1079.952421,1.07541
1081.880908,1.063574
1083.809394,1.052421
1085.737881,1.042529
1087.666367,1.033934
1089.594854,1.025559
1091.52334,1.016517
1093.451826,1.006747
1095.380313,0.996419
1097.308799,0.985774
1099.237286,0.975998
1101.165772,0.967094
1103.094259,0.958576
1105.022745,0.949941
1106.951232,0.94022
1108.879718,0.928902
1110.808205,0.915803
1112.736691,0.901482
1114.665178,0.886888
1116.593664,0.873318
1118.522151,0.860921
1120.450637,0.849135
1122.379123,0.837292
1124.30761,0.823997
1126.236096,0.809167
1128.164583,0.793788
1130.093069,0.778654
1132.021556,0.764481
1133.950042,0.752302
1135.878529,0.742696
1137.807015,0.73611
1139.735502,0.73336
1141.663988,0.734067
1143.592475,0.737554
1145.520961,0.743214
1147.449448,0.750073
1149.377934,0.757513
1151.30642,0.764989
1153.234907,0.771792
1155.163393,0.777183
1157.09188,0.780315
1159.020366,0.780153
1160.948853,0.776342
1162.877339,0.768616
1164.805826,0.756595
1166.734312,0.740471
1168.662799,0.721096
1170.591285,0.700006
1172.519772,0.678396
1174.448258,0.656993
1176.376745,0.635857
1178.305231,0.614858
1180.233717,0.59403
1182.162204,0.573724
1184.09069,0.555071
1186.019177,0.538992
1187.947663,0.526173
1189.87615,0.5172
1191.804636,0.512266
1193.733123,0.511233
1195.661609,0.513255
1197.590096,0.517096
1199.518582,0.521375
1201.447069,0.524744
1203.375555,0.526307
1205.304042,0.52609
1207.232528,0.525094
1209.161014,0.524295
1211.089501,0.524382
1213.017987,0.525815
1214.946474,0.528636
1216.87496,0.532556
1218.803447,0.537186
1220.731933,0.542152
1222.66042,0.547211
1224.588906,0.55227
1226.517393,0.556977
1228.445879,0.561096
1230.374366,0.564512
1232.302852,0.566881
1234.231339,0.56821
1236.159825,0.568749
1238.088311,0.568724
1240.016798,0.568483
1241.945284,0.568083
1243.873771,0.567349
1245.802257,0.566463
1247.730744,0.565543
1249.65923,0.564622
1251.587717,0.564135
1253.516203,0.564321
1255.44469,0.565065
1257.373176,0.566394
1259.301663,0.568169
1261.230149,0.569999
1263.158635,0.571702
1265.087122,0.573066
1267.015608,0.57377
1268.944095,0.573655
1270.872581,0.572572
1272.801068,0.570471
1274.729554,0.567466
1276.658041,0.563731
1278.586527,0.559518
1280.515014,0.555081
1282.4435,0.550267
1284.371987,0.544942
1286.300473,0.539389
1288.22896,0.533915
1290.157446,0.52905
1292.085932,0.525207
1294.014419,0.522193
1295.942905,0.519769
1297.871392,0.517939
1299.799878,0.516717
1301.728365,0.516212
1303.656851,0.516603
1305.585338,0.51783
1307.513824,0.519885
1309.442311,0.522658
1311.370797,0.525703
1313.299284,0.528753
1315.22777,0.531459
1317.156257,0.533233
1319.084743,0.533829
1321.013229,0.533362
1322.941716,0.532031
1324.870202,0.530404
1326.798689,0.529197
1328.727175,0.528652
1330.655662,0.528876
1332.584148,0.52959
1334.512635,0.530202
1336.441121,0.530613
1338.369608,0.530876
1340.298094,0.531129
1342.226581,0.531698
1344.155067,0.532602
1346.083554,0.533771
1348.01204,0.535258
1349.940526,0.536941
1351.869013,0.538594
1353.797499,0.540279
1355.725986,0.542114
1357.654472,0.544121
1359.582959,0.546665
1361.511445,0.549938
1363.439932,0.553693
1365.368418,0.557605
1367.296905,0.561126
1369.225391,0.563803
1371.153878,0.565281
1373.082364,0.565427
1375.010851,0.564537
1376.939337,0.562632
1378.867823,0.5593
1380.79631,0.554564
1382.724796,0.549009
1384.653283,0.542932
1386.581769,0.536561
1388.510256,0.53032
1390.438742,0.524221
1392.367229,0.518292
1394.295715,0.51325
1396.224202,0.509602
1398.152688,0.507045
1400.081175,0.505406
1402.009661,0.504398
1403.938148,0.503625
1405.866634,0.503234
1407.79512,0.503138
1409.723607,0.503302
1411.652093,0.503801
1413.58058,0.504399
1415.509066,0.50502
1417.437553,0.505428
1419.366039,0.506004
1421.294526,0.507115
1423.223012,0.507986
1425.151499,0.508533
1427.079985,0.509032
1429.008472,0.509267
1430.936958,0.50915
1432.865445,0.508319
1434.793931,0.506199
1436.722417,0.503216
1438.650904,0.500286
1440.57939,0.496856
1442.507877,0.492833
1444.436363,0.488864
1446.36485,0.484753
1448.293336,0.48081
1450.221823,0.476731
1452.150309,0.47199
1454.078796,0.465924
1456.007282,0.458174
1457.935769,0.450495
1459.864255,0.443737
1461.792742,0.43724
1463.721228,0.429529
1465.649714,0.420223
1467.578201,0.4099
1469.506687,0.398054
1471.435174,0.385521
1473.36366,0.372258
1475.292147,0.358098
1477.220633,0.345038
1479.14912,0.33376
1481.077606,0.323737
1483.006093,0.314922
1484.934579,0.307208
1486.863066,0.300386
1488.791552,0.294645
1490.720039,0.290219
1492.648525,0.286878
1494.577011,0.284057
1496.505498,0.282218
1498.433984,0.282123
1500.362471,0.283609
1502.290957,0.286876
1504.219444,0.291947
1506.14793,0.300627
1508.076417,0.315045
1510.004903,0.332504
1511.93339,0.348608
1513.861876,0.358091
1515.790363,0.356839
1517.718849,0.345756
1519.647336,0.328881
1521.575822,0.311406
1523.504308,0.297704
1525.432795,0.287758
1527.361281,0.28109
1529.289768,0.277032
1531.218254,0.274164
1533.146741,0.272248
1535.075227,0.271376
1537.003714,0.270535
1538.9322,0.269276
1540.860687,0.269569
1542.789173,0.270848
1544.71766,0.271983
1546.646146,0.273335
1548.574633,0.274409
1550.503119,0.27565
1552.431605,0.276886
1554.360092,0.278221
1556.288578,0.279423
1558.217065,0.280436
1560.145551,0.283352
1562.074038,0.287462
1564.002524,0.291222
1565.931011,0.295065
1567.859497,0.299293
1569.787984,0.304327
1571.71647,0.310577
1573.644957,0.317047
1575.573443,0.324056
1577.50193,0.333162
1579.430416,0.343222
1581.358902,0.353458
1583.287389,0.363868
1585.215875,0.374072
1587.144362,0.383847
1589.072848,0.392912
1591.001335,0.401576
1592.929821,0.410206
1594.858308,0.419295
1596.786794,0.429159
1598.715281,0.440172
1600.643767,0.452647
1602.572254,0.466709
1604.50074,0.482029
1606.429227,0.496839
1608.357713,0.508626
1610.286199,0.51511
1612.214686,0.516
1614.143172,0.512902
1616.071659,0.508716
1618.000145,0.506587
1619.928632,0.50655
1621.857118,0.507382
1623.785605,0.50929
1625.714091,0.511717
1627.642578,0.513804
1629.571064,0.515379
1631.499551,0.516185
1633.428037,0.515538
1635.356524,0.51398
1637.28501,0.512708
1639.213496,0.510773
1641.141983,0.507775
1643.070469,0.504122
1644.998956,0.499611
1646.927442,0.495235
1648.855929,0.491265
1650.784415,0.485937
1652.712902,0.480113
1654.641388,0.476522
1656.569875,0.473185
1658.498361,0.468629
1660.426848,0.463814
1662.355334,0.458837
1664.283821,0.454472
1666.212307,0.450354
1668.140793,0.446124
1670.06928,0.442683
1671.997766,0.440123
1673.926253,0.437761
1675.854739,0.4361
1677.783226,0.435729
1679.711712,0.435636
1681.640199,0.435711
1683.568685,0.436256
1685.497172,0.438672
1687.425658,0.442614
1689.354145,0.446238
1691.282631,0.450487
1693.211118,0.454612
1695.139604,0.458909
1697.06809,0.464519
1698.996577,0.469976
1700.925063,0.476261
1702.85355,0.483512
1704.782036,0.490274
1706.710523,0.497013
1708.639009,0.503622
1710.567496,0.509719
1712.495982,0.515452
1714.424469,0.520457
1716.352955,0.524988
1718.281442,0.529947
1720.209928,0.53496
1722.138415,0.53899
1724.066901,0.542249
1725.995387,0.545033
1727.923874,0.546961
1729.85236,0.548061
1731.780847,0.547656
1733.709333,0.545936
1735.63782,0.543761
1737.566306,0.539504
1739.494793,0.532644
1741.423279,0.524228
1743.351766,0.514438
1745.280252,0.503618
1747.208739,0.491901
1749.137225,0.479313
1751.065711,0.466365
1752.994198,0.453397
1754.922684,0.440019
1756.851171,0.426267
1758.779657,0.412576
1760.708144,0.398582
1762.63663,0.384764
1764.565117,0.371191
1766.493603,0.357205
1768.42209,0.343481
1770.350576,0.330006
1772.279063,0.316947
1774.207549,0.305163
1776.136036,0.294077
1778.064522,0.283335
1779.993008,0.273294
1781.921495,0.263962
1783.849981,0.255217
1785.778468,0.247131
1787.706954,0.239599
1789.635441,0.232235
1791.563927,0.22526
1793.492414,0.219111
1795.4209,0.213528
1797.349387,0.208125
1799.277873,0.20292
1801.20636,0.19811
1803.134846,0.19379
1805.063333,0.189732
1806.991819,0.185847
1808.920305,0.182231
1810.848792,0.178854
1812.777278,0.175832
1814.705765,0.173042
1816.634251,0.170383
1818.562738,0.167977
1820.491224,0.16581
1822.419711,0.163738
1824.348197,0.161769
1826.276684,0.160129
1828.20517,0.158491
1830.133657,0.156957
1832.062143,0.15577
1833.99063,0.154454
1835.919116,0.153134
1837.847602,0.151906
1839.776089,0.150713
1841.704575,0.149423
1843.633062,0.148058
1845.561548,0.147185
1847.490035,0.146499
1849.418521,0.145652
1851.347008,0.144802
1853.275494,0.144019
1855.203981,0.14329
1857.132467,0.142524
1859.060954,0.141896
1860.98944,0.141304
1862.917927,0.140691
1864.846413,0.140181
1866.774899,0.139569
1868.703386,0.139008
1870.631872,0.138764
1872.560359,0.138547
1874.488845,0.138201
1876.417332,0.137957
1878.345818,0.137714
1880.274305,0.137444
1882.202791,0.137299
1884.131278,0.137149
1886.059764,0.136993
1887.988251,0.136846
1889.916737,0.136732
1891.845224,0.136697
1893.77371,0.136673
1895.702196,0.136612
1897.630683,0.136549
1899.559169,0.136547
1901.487656,0.136472
1903.416142,0.136346
1905.344629,0.13629
1907.273115,0.136169
1909.201602,0.136045
1911.130088,0.136019
1913.058575,0.135963
1914.987061,0.135794
1916.915548,0.135584
1918.844034,0.135512
1920.772521,0.135516
1922.701007,0.135437
1924.629493,0.135369
1926.55798,0.135324
1928.486466,0.135282
1930.414953,0.135225
1932.343439,0.135152
1934.271926,0.135123
1936.200412,0.135075
1938.128899,0.135064
1940.057385,0.135002
1941.985872,0.134872
1943.914358,0.134907
1945.842845,0.134966
1947.771331,0.134961
1949.699818,0.134987
1951.628304,0.135004
1953.55679,0.135003
1955.485277,0.135025
1957.413763,0.135043
1959.34225,0.135007
1961.270736,0.135003
1963.199223,0.135002
1965.127709,0.134943
1967.056196,0.134934
1968.984682,0.134953
1970.913169,0.134935
1972.841655,0.134934
1974.770142,0.134903
1976.698628,0.134834
1978.627115,0.134855
1980.555601,0.134856
1982.484087,0.134818
1984.412574,0.134848
1986.34106,0.134843
1988.269547,0.134813
1990.198033,0.134821
1992.12652,0.134827
1994.055006,0.134858
1995.983493,0.134959
1997.911979,0.135013
1999.840466,0.135002
2001.768952,0.135061
2003.697439,0.135107
2005.625925,0.135134
2007.554412,0.135231
2009.482898,0.135324
2011.411384,0.135404
2013.339871,0.135538
2015.268357,0.135666
2017.196844,0.135768
2019.12533,0.135927
2021.053817,0.136068
2022.982303,0.136171
2024.91079,0.136291
2026.839276,0.136366
2028.767763,0.136432
2030.696249,0.136517
2032.624736,0.136559
2034.553222,0.136591
2036.481709,0.136649
2038.410195,0.136668
2040.338681,0.136665
2042.267168,0.136684
2044.195654,0.136674
2046.124141,0.136661
2048.052627,0.136654
2049.981114,0.136625
2051.9096,0.1366
2053.838087,0.136569
2055.766573,0.136495
2057.69506,0.136412
2059.623546,0.136346
2061.552033,0.136264
2063.480519,0.136183
2065.409006,0.136102
2067.337492,0.136028
2069.265978,0.13597
2071.194465,0.13589
2073.122951,0.135801
2075.051438,0.135733
2076.979924,0.135652
2078.908411,0.135561
2080.836897,0.135506
2082.765384,0.13543
2084.69387,0.135338
2086.622357,0.135288
2088.550843,0.13522
2090.47933,0.135144
2092.407816,0.135107
2094.336303,0.135062
2096.264789,0.134995
2098.193275,0.134964
2100.121762,0.134931
2102.050248,0.134865
2103.978735,0.134836
2105.907221,0.134806
2107.835708,0.134741
2109.764194,0.134674
2111.692681,0.134616
2113.621167,0.134562
2115.549654,0.13452
2117.47814,0.134474
2119.406627,0.134417
2121.335113,0.134378
2123.2636,0.134316
2125.192086,0.134258
2127.120572,0.134235
2129.049059,0.134179
2130.977545,0.13411
2132.906032,0.134058
2134.834518,0.133994
2136.763005,0.133921
2138.691491,0.13387
2140.619978,0.133806
2142.548464,0.133739
2144.476951,0.13368
2146.405437,0.133577
2148.333924,0.133496
2150.26241,0.133439
2152.190897,0.133338
2154.119383,0.133238
2156.047869,0.133146
2157.976356,0.133024
2159.904842,0.132922
2161.833329,0.132822
2163.761815,0.132661
2165.690302,0.132529
2167.618788,0.132401
2169.547275,0.132232
2171.475761,0.132089
2173.404248,0.131942
2175.332734,0.131768
2177.261221,0.131606
2179.189707,0.131429
2181.118194,0.131239
2183.04668,0.131109
2184.975166,0.130962
2186.903653,0.130775
2188.832139,0.130642
2190.760626,0.130496
2192.689112,0.130318
2194.617599,0.130174
2196.546085,0.130027
2198.474572,0.129857
2200.403058,0.129721
2202.331545,0.129583
2204.260031,0.129433
2206.188518,0.129329
2208.117004,0.129199
2210.045491,0.12906
2211.973977,0.12896
2213.902463,0.128843
2215.83095,0.128742
2217.759436,0.128668
2219.687923,0.12857
2221.616409,0.128487
2223.544896,0.128443
2225.473382,0.128356
2227.401869,0.128264
2229.330355,0.128209
2231.258842,0.128149
2233.187328,0.128103
2235.115815,0.128043
2237.044301,0.127965
2238.972787,0.127913
2240.901274,0.127868
2242.82976,0.12779
2244.758247,0.127743
2246.686733,0.127742
2248.61522,0.127697
2250.543706,0.127669
2252.472193,0.12767
2254.400679,0.127651
2256.329166,0.12765
2258.257652,0.127656
2260.186139,0.127659
2262.114625,0.127689
2264.043112,0.127739
2265.971598,0.127778
2267.900084,0.127835
2269.828571,0.128313
2271.757057,0.128791
2273.685544,0.129268
2275.61403,0.129746
2277.542517,0.130224
2279.471003,0.130702
2281.39949,0.13118
2283.327976,0.131658
2285.256463,0.132135
2287.184949,0.132613
2289.113436,0.133091
2291.041922,0.133569
2292.970409,0.134047
2294.898895,0.134525
2296.827381,0.135002
2298.755868,0.13548
2300.684354,0.135958
2302.612841,0.136436
2304.541327,0.136914
2306.469814,0.137392
2308.3983,0.137869
2310.326787,0.138347
2312.255273,0.138825
2314.18376,0.139303
2316.112246,0.139781
2318.040733,0.140259
2319.969219,0.140736
2321.897706,0.141214
2323.826192,0.141692
2325.754678,0.14217
2327.683165,0.142648
2329.611651,0.143126
2331.540138,0.143603
2333.468624,0.144081
2335.397111,0.144559
2337.325597,0.145037
2339.254084,0.145515
2341.18257,0.145993
2343.111057,0.14647
2345.039543,0.146948
2346.96803,0.147426
2348.896516,0.147904
2350.825003,0.148382
2352.753489,0.148859
2354.681975,0.149337
2356.610462,0.149815
2358.538948,0.150293
2360.467435,0.150771
2362.395921,0.151249
2364.324408,0.151726
2366.252894,0.152204
2368.181381,0.152682
2370.109867,0.15316
2372.038354,0.153638
2373.96684,0.154116
2375.895327,0.154593
2377.823813,0.155071
2379.7523,0.155549
2381.680786,0.156027
2383.609272,0.156505
2385.537759,0.156983
2387.466245,0.15746
2389.394732,0.157938
2391.323218,0.158416
2393.251705,0.158894
2395.180191,0.159372
2397.108678,0.15985
2399.037164,0.160327
2400.965651,0.160805
2402.894137,0.161283
2404.822624,0.161761
2406.75111,0.162239
2408.679597,0.162717
2410.608083,0.163194
2412.536569,0.163672
2414.465056,0.16415
2416.393542,0.164628
2418.322029,0.165106
2420.250515,0.165584
2422.179002,0.166061
2424.107488,0.166539
2426.035975,0.167017
2427.964461,0.167495
2429.892948,0.167973
2431.821434,0.168451
2433.749921,0.168928
2435.678407,0.169406
2437.606894,0.169884
2439.53538,0.170362
2441.463866,0.17084
2443.392353,0.171318
2445.320839,0.171795
2447.249326,0.172273
2449.177812,0.172751
2451.106299,0.173229
2453.034785,0.173707
2454.963272,0.174185
2456.891758,0.174662
2458.820245,0.17514
2460.748731,0.175618
2462.677218,0.176096
2464.605704,0.176574
2466.534191,0.177052
2468.462677,0.177529
2470.391163,0.178007
2472.31965,0.178485
2474.248136,0.178963
2476.176623,0.179441
2478.105109,0.18023
2480.033596,0.181021
2481.962082,0.181844
2483.890569,0.182661
2485.819055,0.183439
2487.747542,0.184202
2489.676028,0.184975
2491.604515,0.185735
2493.533001,0.186492
2495.461488,0.187251
2497.389974,0.187962
2499.31846,0.188671
2501.246947,0.189408
2503.175433,0.190115
2505.10392,0.190802
2507.032406,0.191489
2508.960893,0.192148
2510.889379,0.192796
2512.817866,0.193453
2514.746352,0.194073
2516.674839,0.194682
2518.603325,0.19531
2520.531812,0.195905
2522.460298,0.19651
2524.388785,0.197136
2526.317271,0.197711
2528.245757,0.198289
2530.174244,0.198897
2532.10273,0.19946
2534.031217,0.200011
2535.959703,0.200596
2537.88819,0.201143
2539.816676,0.20167
2541.745163,0.202225
2543.673649,0.202739
2545.602136,0.203239
2547.530622,0.203777
2549.459109,0.204267
2551.387595,0.204736
2553.316082,0.205247
2555.244568,0.205729
2557.173054,0.206192
2559.101541,0.206686
2561.030027,0.207165
2562.958514,0.207632
2564.887,0.208122
2566.815487,0.208569
2568.743973,0.209022
2570.67246,0.209538
2572.600946,0.210006
2574.529433,0.210467
2576.457919,0.210967
2578.386406,0.211442
2580.314892,0.211954
2582.243379,0.212498
2584.171865,0.213001
2586.100351,0.213504
2588.028838,0.21405
2589.957324,0.214601
2591.885811,0.215149
2593.814297,0.215717
2595.742784,0.216275
2597.67127,0.216837
2599.599757,0.217438
2601.528243,0.218032
2603.45673,0.218624
2605.385216,0.219241
2607.313703,0.21985
2609.242189,0.220463
2611.170676,0.221099
2613.099162,0.221695
2615.027648,0.222284
2616.956135,0.222909
2618.884621,0.223519
2620.813108,0.224146
2622.741594,0.224779
2624.670081,0.225365
2626.598567,0.225967
2628.527054,0.226573
2630.45554,0.227154
2632.384027,0.227765
2634.312513,0.228371
2636.241,0.228969
2638.169486,0.229558
2640.097973,0.230101
2642.026459,0.23067
2643.954945,0.231281
2645.883432,0.231876
2647.811918,0.232434
2649.740405,0.232988
2651.668891,0.233562
2653.597378,0.23411
2655.525864,0.234655
2657.454351,0.235224
2659.382837,0.235793
2661.311324,0.23637
2663.23981,0.236966
2665.168297,0.237581
2667.096783,0.238188
2669.02527,0.238783
2670.953756,0.239378
2672.882242,0.240005
2674.810729,0.240663
2676.739215,0.241275
2678.667702,0.241877
2680.596188,0.242503
2682.524675,0.243107
2684.453161,0.243691
2686.381648,0.244253
2688.310134,0.244808
2690.238621,0.245354
2692.167107,0.245912
2694.095594,0.246489
2696.02408,0.247027
2697.952567,0.247569
2699.881053,0.248154
2701.809539,0.248748
2703.738026,0.249346
2705.666512,0.24997
2707.594999,0.250647
2709.523485,0.251329
2711.451972,0.252022
2713.380458,0.252744
2715.308945,0.253463
2717.237431,0.254213
2719.165918,0.254958
2721.094404,0.255683
2723.022891,0.256426
2724.951377,0.257167
2726.879864,0.257902
2728.80835,0.258637
2730.736836,0.259366
2732.665323,0.260058
2734.593809,0.260736
2736.522296,0.26142
2738.450782,0.262093
2740.379269,0.262762
2742.307755,0.263397
2744.236242,0.264012
2746.164728,0.264624
2748.093215,0.265234
2750.021701,0.26585
2751.950188,0.266493
2753.878674,0.267158
2755.80716,0.267814
2757.735647,0.268522
2759.664133,0.269263
2761.59262,0.270013
2763.521106,0.270821
2765.449593,0.271679
2767.378079,0.272578
2769.306566,0.273517
2771.235052,0.274518
2773.163539,0.275561
2775.092025,0.276646
2777.020512,0.277789
2778.948998,0.278998
2780.877485,0.280298
2782.805971,0.281625
2784.734457,0.283002
2786.662944,0.284458
2788.59143,0.285974
2790.519917,0.287571
2792.448403,0.289228
2794.37689,0.29096
2796.305376,0.292757
2798.233863,0.294614
2800.162349,0.296551
2802.090836,0.298557
2804.019322,0.300606
2805.947809,0.302683
2807.876295,0.304846
2809.804782,0.307078
2811.733268,0.309369
2813.661754,0.311739
2815.590241,0.314141
2817.518727,0.316589
2819.447214,0.319111
2821.3757,0.321723
2823.304187,0.324454
2825.232673,0.327312
2827.16116,0.330341
2829.089646,0.3336
2831.018133,0.337136
2832.946619,0.341071
2834.875106,0.345522
2836.803592,0.350678
2838.732079,0.356804
2840.660565,0.364315
2842.589051,0.373976
2844.517538,0.386943
2846.446024,0.403418
2848.374511,0.418462
2850.302997,0.424404
2852.231484,0.421891
2854.15997,0.417776
2856.088457,0.415481
2858.016943,0.415119
2859.94543,0.416216
2861.873916,0.418488
2863.802403,0.421751
2865.730889,0.425817
2867.659376,0.430377
2869.587862,0.43505
2871.516348,0.439588
2873.444835,0.443848
2875.373321,0.447982
2877.301808,0.452187
2879.230294,0.456509
2881.158781,0.460914
2883.087267,0.465367
2885.015754,0.469877
2886.94424,0.474324
2888.872727,0.478629
2890.801213,0.482719
2892.7297,0.486575
2894.658186,0.490184
2896.586673,0.493514
2898.515159,0.496666
2900.443645,0.499652
2902.372132,0.502545
2904.300618,0.505709
2906.229105,0.509523
2908.157591,0.514404
2910.086078,0.521262
2912.014564,0.531032
2913.943051,0.543218
2915.871537,0.554112
2917.800024,0.559205
2919.72851,0.558114
2921.656997,0.553659
2923.585483,0.548309
2925.51397,0.542981
2927.442456,0.53784
2929.370942,0.533062
2931.299429,0.528483
2933.227915,0.523989
2935.156402,0.519418
2937.084888,0.514687
2939.013375,0.509756
2940.941861,0.50445
2942.870348,0.49865
2944.798834,0.492448
2946.727321,0.486155
2948.655807,0.480003
2950.584294,0.474137
2952.51278,0.468479
2954.441267,0.462808
2956.369753,0.457101
2958.298239,0.451454
2960.226726,0.44599
2962.155212,0.440828
2964.083699,0.43611
2966.012185,0.431827
2967.940672,0.427939
2969.869158,0.424361
2971.797645,0.420992
2973.726131,0.417814
2975.654618,0.414747
2977.583104,0.411752
2979.511591,0.408855
2981.440077,0.406034
2983.368564,0.403261
2985.29705,0.400629
2987.225536,0.398222
2989.154023,0.396036
2991.082509,0.394157
2993.010996,0.392569
2994.939482,0.391227
2996.867969,0.390167
2998.796455,0.389362
3000.724942,0.388799
3002.653428,0.388501
3004.581915,0.388435
3006.510401,0.388571
3008.438888,0.388918
3010.367374,0.389396
3012.295861,0.390019
3014.224347,0.39084
3016.152833,0.391804
3018.08132,0.392928
3020.009806,0.394171
3021.938293,0.395458
3023.866779,0.396787
3025.795266,0.39818
3027.723752,0.399673
3029.652239,0.40125
3031.580725,0.402917
3033.509212,0.404636
3035.437698,0.406374
3037.366185,0.408202
3039.294671,0.410139
3041.223158,0.412149
3043.151644,0.414218
3045.08013,0.416338
3047.008617,0.418538
3048.937103,0.420821
3050.86559,0.423151
3052.794076,0.425583
3054.722563,0.428105
3056.651049,0.430697
3058.579536,0.433359
3060.508022,0.436079
3062.436509,0.438839
3064.364995,0.441566
3066.293482,0.444321
3068.221968,0.447095
3070.150455,0.449851
3072.078941,0.452619
3074.007427,0.455362
3075.935914,0.458106
3077.8644,0.460901
3079.792887,0.463754
3081.721373,0.46661
3083.64986,0.469473
3085.578346,0.472355
3087.506833,0.475273
3089.435319,0.478276
3091.363806,0.481301
3093.292292,0.484373
3095.220779,0.487489
3097.149265,0.490641
3099.077752,0.493859
3101.006238,0.497133
3102.934724,0.500442
3104.863211,0.503765
3106.791697,0.507171
3108.720184,0.510641
3110.64867,0.514148
3112.577157,0.517675
3114.505643,0.521233
3116.43413,0.524833
3118.362616,0.528469
3120.291103,0.532193
3122.219589,0.535944
3124.148076,0.539763
3126.076562,0.543645
3128.005049,0.54756
3129.933535,0.551522
3131.862021,0.5555
3133.790508,0.559552
3135.718994,0.563616
3137.647481,0.567717
3139.575967,0.571854
3141.504454,0.576018
3143.43294,0.580267
3145.361427,0.584589
3147.289913,0.588944
3149.2184,0.593276
3151.146886,0.597734
3153.075373,0.602235
3155.003859,0.606692
3156.932346,0.611209
3158.860832,0.615754
3160.789318,0.620329
3162.717805,0.624894
3164.646291,0.629497
3166.574778,0.634091
3168.503264,0.6387
3170.431751,0.643387
3172.360237,0.648101
3174.288724,0.652823
3176.21721,0.657493
3178.145697,0.662208
3180.074183,0.666968
3182.00267,0.671772
3183.931156,0.676619
3185.859643,0.681431
3187.788129,0.6862
3189.716615,0.690996
3191.645102,0.695812
3193.573588,0.700546
3195.502075,0.705388
3197.430561,0.710226
3199.359048,0.715022
3201.287534,0.719898
3203.216021,0.72471
3205.144507,0.729511
3207.072994,0.734283
3209.00148,0.739093
3210.929967,0.743891
3212.858453,0.748678
3214.78694,0.753467
3216.715426,0.758225
3218.643912,0.76302
3220.572399,0.767701
3222.500885,0.77243
3224.429372,0.777166
3226.357858,0.781839
3228.286345,0.786554
3230.214831,0.791228
3232.143318,0.795907
3234.071804,0.800602
3236.000291,0.805333
3237.928777,0.810025
3239.857264,0.81474
3241.78575,0.819448
3243.714236,0.824085
3245.642723,0.828769
3247.571209,0.833538
3249.499696,0.83837
3251.428182,0.843135
3253.356669,0.847891
3255.285155,0.852573
3257.213642,0.857297
3259.142128,0.862054
3261.070615,0.866755
3262.999101,0.87144
3264.927588,0.875924
3266.856074,0.8804
3268.784561,0.884775
3270.713047,0.889031
3272.641533,0.893195
3274.57002,0.897277
3276.498506,0.901353
3278.426993,0.905195
3280.355479,0.908968
3282.283966,0.912523
3284.212452,0.916035
3286.140939,0.91952
3288.069425,0.922723
3289.997912,0.925964
3291.926398,0.929256
3293.854885,0.932467
3295.783371,0.935445
3297.711858,0.93854
3299.640344,0.941706
3301.56883,0.944719
3303.497317,0.947802
3305.425803,0.950971
3307.35429,0.954255
3309.282776,0.957421
3311.211263,0.960691
3313.139749,0.964144
3315.068236,0.967594
3316.996722,0.971137
3318.925209,0.974883
3320.853695,0.978712
3322.782182,0.982383
3324.710668,0.986145
3326.639155,0.989789
3328.567641,0.993319
3330.496127,0.996862
3332.424614,1.000329
3334.3531,1.003687
3336.281587,1.006765
3338.210073,1.009911
3340.13856,1.012913
3342.067046,1.015552
3343.995533,1.018006
3345.924019,1.020426
3347.852506,1.022814
3349.780992,1.024981
3351.709479,1.026869
3353.637965,1.028489
3355.566452,1.030244
3357.494938,1.032009
3359.423424,1.033687
3361.351911,1.035195
3363.280397,1.036579
3365.208884,1.038054
3367.13737,1.039321
3369.065857,1.040541
3370.994343,1.041711
3372.92283,1.042938
3374.851316,1.044092
3376.779803,1.045057
3378.708289,1.046009
3380.636776,1.046956
3382.565262,1.047926
3384.493749,1.048744
3386.422235,1.049719
3388.350721,1.050455
3390.279208,1.051043
3392.207694,1.051639
3394.136181,1.052024
3396.064667,1.052523
3397.993154,1.052912
3399.92164,1.053492
3401.850127,1.053723
3403.778613,1.053652
3405.7071,1.05373
3407.635586,1.053611
3409.564073,1.053476
3411.492559,1.053046
3413.421046,1.052514
3415.349532,1.05182
3417.278018,1.051036
3419.206505,1.050025
3421.134991,1.04864
3423.063478,1.047312
3424.991964,1.045832
3426.920451,1.044297
3428.848937,1.042455
3430.777424,1.040492
3432.70591,1.03844
3434.634397,1.036262
3436.562883,1.033969
3438.49137,1.031237
3440.419856,1.028457
3442.348343,1.025553
3444.276829,1.022692
3446.205315,1.019644
3448.133802,1.016395
3450.062288,1.013099
3451.990775,1.009679
3453.919261,1.006302
3455.847748,1.002658
3457.776234,0.999141
3459.704721,0.995515
3461.633207,0.991799
3463.561694,0.988115
3465.49018,0.984214
3467.418667,0.980283
3469.347153,0.976261
3471.27564,0.972428
3473.204126,0.968413
3475.132612,0.964296
3477.061099,0.960108
3478.989585,0.955824
3480.918072,0.95159
3482.846558,0.947107
3484.775045,0.942684
3486.703531,0.938199
3488.632018,0.933768
3490.560504,0.929206
3492.488991,0.924605
3494.417477,0.920053
3496.345964,0.915239
3498.27445,0.910524
3500.202937,0.905661
3502.131423,0.90081
3504.059909,0.895897
3505.988396,0.890971
3507.916882,0.885934
3509.845369,0.8806
3511.773855,0.875459
3513.702342,0.870221
3515.630828,0.864947
3517.559315,0.859502
3519.487801,0.854015
3521.416288,0.848541
3523.344774,0.842909
3525.273261,0.837342
3527.201747,0.831645
3529.130234,0.825995
3531.05872,0.820216
3532.987206,0.814322
3534.915693,0.808331
3536.844179,0.802347
3538.772666,0.796346
3540.701152,0.790038
3542.629639,0.783823
3544.558125,0.777468
3546.486612,0.771045
3548.415098,0.764575
3550.343585,0.758025
3552.272071,0.751463
3554.200558,0.744778
3556.129044,0.738104
3558.057531,0.731144
3559.986017,0.724204
3561.914503,0.717252
3563.84299,0.710032
3565.771476,0.702666
3567.699963,0.695481
3569.628449,0.688606
3571.556936,0.681396
3573.485422,0.674063
3575.413909,0.666743
3577.342395,0.659381
3579.270882,0.652036
3581.199368,0.644646
3583.127855,0.637244
3585.056341,0.629595
3586.984828,0.621986
3588.913314,0.614683
3590.8418,0.607513
3592.770287,0.60007
3594.698773,0.592508
3596.62726,0.585102
3598.555746,0.577636
3600.484233,0.570198
3602.412719,0.562723
3604.341206,0.555228
3606.269692,0.547524
3608.198179,0.539785
3610.126665,0.53239
3612.055152,0.524945
3613.983638,0.517505
3615.912125,0.509938
3617.840611,0.502077
3619.769097,0.494548
3621.697584,0.487299
3623.62607,0.479911
3625.554557,0.472125
3627.483043,0.463866
3629.41153,0.456375
3631.340016,0.449528
3633.268503,0.442004
3635.196989,0.434321
3637.125476,0.426684
3639.053962,0.418978
3640.982449,0.411307
3642.910935,0.40361
3644.839422,0.395846
3646.767908,0.387747
3648.696394,0.379858
3650.624881,0.372778
3652.553367,0.366036
3654.481854,0.358793
3656.41034,0.351708
3658.338827,0.345245
3660.267313,0.338684
3662.1958,0.332285
3664.124286,0.326031
3666.052773,0.319947
3667.981259,0.313802
3669.909746,0.307989
3671.838232,0.303156
3673.766719,0.298006
3675.695205,0.293267
3677.623691,0.289654
3679.552178,0.286054
3681.480664,0.282462
3683.409151,0.279004
3685.337637,0.275452
3687.266124,0.271755
3689.19461,0.26887
3691.123097,0.266765
3693.051583,0.264584
3694.98007,0.262433
3696.908556,0.260266
3698.837043,0.258202
3700.765529,0.256183
3702.694016,0.254451
3704.622502,0.25297
3706.550988,0.251226
3708.479475,0.249425
3710.407961,0.247572
3712.336448,0.246275
3714.264934,0.245435
3716.193421,0.244275
3718.121907,0.243042
3720.050394,0.241761
3721.97888,0.240613
3723.907367,0.239492
3725.835853,0.238418
3727.76434,0.237546
3729.692826,0.236372
3731.621312,0.235103
3733.549799,0.233969
3735.478285,0.233041
3737.406772,0.232459
3739.335258,0.232014
3741.263745,0.230852
3743.192231,0.22902
3745.120718,0.228379
3747.049204,0.228188
3748.977691,0.227011
3750.906177,0.226163
3752.834664,0.226088
3754.76315,0.225987
3756.691637,0.225407
3758.620123,0.224635
3760.548609,0.224187
3762.477096,0.223694
3764.405582,0.223023
3766.334069,0.222398
3768.262555,0.221706
3770.191042,0.221179
3772.119528,0.220843
3774.048015,0.220371
3775.976501,0.219796
3777.904988,0.219178
3779.833474,0.218717
3781.761961,0.218356
3783.690447,0.217891
3785.618934,0.217459
3787.54742,0.217047
3789.475906,0.216633
3791.404393,0.216225
3793.332879,0.215738
3795.261366,0.215152
3797.189852,0.214752
3799.118339,0.21403
3801.046825,0.213264
3802.975312,0.213435
3804.903798,0.21313
3806.832285,0.21262
3808.760771,0.212769
3810.689258,0.212642
3812.617744,0.212146
3814.546231,0.211208
3816.474717,0.210935
3818.403203,0.210971
3820.33169,0.210353
3822.260176,0.210354
3824.188663,0.21045
3826.117149,0.210218
3828.045636,0.210013
3829.974122,0.209612
3831.902609,0.209316
3833.831095,0.208992
3835.759582,0.208312
3837.688068,0.207884
3839.616555,0.208193
3841.545041,0.208309
3843.473528,0.208182
3845.402014,0.208203
3847.3305,0.208052
3849.258987,0.207574
3851.187473,0.206298
3853.11596,0.205424
3855.044446,0.206217
3856.972933,0.207092
3858.901419,0.207094
3860.829906,0.206823
3862.758392,0.206466
3864.686879,0.206306
3866.615365,0.206268
3868.543852,0.205794
3870.472338,0.205704
3872.400825,0.205959
3874.329311,0.205928
3876.257797,0.206014
3878.186284,0.205788
3880.11477,0.205548
3882.043257,0.205597
3883.971743,0.205284
3885.90023,0.205218
3887.828716,0.205438
3889.757203,0.205253
3891.685689,0.205178
3893.614176,0.205414
3895.542662,0.205401
3897.471149,0.205107
3899.399635,0.204838
3901.328122,0.204724
3903.256608,0.204711
3905.185094,0.204909
3907.113581,0.205184
3909.042067,0.205219
3910.970554,0.205188
3912.89904,0.205151
3914.827527,0.20505
3916.756013,0.204943
3918.6845,0.204954
3920.612986,0.205061
3922.541473,0.205056
3924.469959,0.205042
3926.398446,0.205059
3928.326932,0.205042
3930.255419,0.204972
3932.183905,0.204983
3934.112391,0.20509
3936.040878,0.205104
3937.969364,0.205122
3939.897851,0.205097
3941.826337,0.20505
3943.754824,0.205104
3945.68331,0.205141
3947.611797,0.20514
3949.540283,0.205174
3951.46877,0.205214
3953.397256,0.205184
3955.325743,0.205186
3957.254229,0.205203
3959.182716,0.205181
3961.111202,0.205165
3963.039688,0.205159
3964.968175,0.20518
3966.896661,0.205187
3968.825148,0.205181
3970.753634,0.205143
3972.682121,0.205127
3974.610607,0.205127
3976.539094,0.205105
3978.46758,0.205101
3980.396067,0.20507
3982.324553,0.205066
3984.25304,0.205075
3986.181526,0.205067
3988.110013,0.205031
3990.038499,0.204974
3991.966985,0.204935
3993.895472,0.204893
3995.823958,0.204881
3997.752445,0.204845
3999.680931,0.204803
4001.609418,0.204783
